,level_0,track_name,listening_count
0,2024-11-02,A passing season,1
1,2024-11-02,After Dark,1
2,2024-11-02,"Aqualung, Motherfucker",1
3,2024-11-02,As a Reminder,1
4,2024-11-02,Back Home,1
5,2024-11-02,City Prelude,1
6,2024-11-02,El Ritmo (La Noche) (Xinobi Remix),1
7,2024-11-02,Fair Passage,1
8,2024-11-02,Find The Light Behind The Clouds,1
9,2024-11-02,Flight from the City - Víkingur Ólafsson Rework,1
10,2024-11-02,Getting Started,1
11,2024-11-02,Home,1
12,2024-11-02,I'll see you in 21 days,2
13,2024-11-02,In A Darkened Room,1
14,2024-11-02,Inmersion,1
15,2024-11-02,Le Ballet de L`Oubli,1
16,2024-11-02,Les Gout,1
17,2024-11-02,Like Water,1
18,2024-11-02,Manium,1
19,2024-11-02,My Love for You (Yebba's Heartbreak),1
20,2024-11-02,Nightrider,1
21,2024-11-02,Our Time Will Come,1
22,2024-11-02,Pourquoi,1
23,2024-11-02,Raindrops,1
24,2024-11-02,Somnus,1
25,2024-11-02,Substrates,1
26,2024-11-02,To Speak Of Solitude,1
27,2024-11-02,Tumbling Relentless Heaps,1
28,2024-11-02,You Got the Love,1
29,2024-11-02,"somewhere else, together",1
30,2024-11-02,Ça en vaut la peine,1
31,2024-11-02,他人になりたい,1
32,2024-11-03,Beyond Memory,1
33,2024-11-03,Dark All Day,1
34,2024-11-03,Fly for Your Life,1
35,2024-11-03,Future Club,1
36,2024-11-03,He^rt,1
37,2024-11-03,Hometown,1
38,2024-11-03,Juliette,1
39,2024-11-03,Legend of the Keeper,1
40,2024-11-03,Looking For Tracy Tzu,1
41,2024-11-03,Lovelight (JV-30),1
42,2024-11-03,Nightdrive,1
43,2024-11-03,Nightflying,1
44,2024-11-03,Pacific,1
45,2024-11-03,Paradise Warfare,1
46,2024-11-03,Pixels,1
47,2024-11-03,Polaris,1
48,2024-11-03,Warp Drive,1
